<?xml version="1.0" encoding="UTF-8"?>
<export version="E">
  <design>
    <source>C:\Work\rusefi\github\hellen-one\kicad\modules\hellen1-vr-max9924\hellen1-vr-max9924.kicad_sch</source>
    <date>7/25/2023 8:28:37 PM</date>
    <tool>Eeschema 7.0.1-115-g2ece2719d0</tool>
    <sheet number="1" name="/" tstamps="/">
      <title_block>
        <title>Hellen1 VR MAX9924 module</title>
        <company/>
        <rev>0.1</rev>
        <date>2023-07-25</date>
        <source>hellen1-vr-max9924.kicad_sch</source>
        <comment number="1" value=""/>
        <comment number="2" value=""/>
        <comment number="3" value=""/>
        <comment number="4" value=""/>
        <comment number="5" value=""/>
        <comment number="6" value=""/>
        <comment number="7" value=""/>
        <comment number="8" value=""/>
        <comment number="9" value=""/>
      </title_block>
    </sheet>
  </design>
  <components>
    <comp ref="C751">
      <value>1n</value>
      <footprint>hellen-one-common:C0603</footprint>
      <fields>
        <field name="LCSC">C1588</field>
      </fields>
      <libsource lib="hellen-one-common" part="Cap" description="Capacitor"/>
      <property name="LCSC" value="C1588"/>
      <property name="Sheetname" value=""/>
      <property name="Sheetfile" value="hellen1-vr-max9924.kicad_sch"/>
      <property name="ki_description" value="Capacitor"/>
      <sheetpath names="/" tstamps="/"/>
      <tstamps>0c7234d7-ef57-4286-b00d-6576bba072c3</tstamps>
    </comp>
    <comp ref="C752">
      <value>100n</value>
      <footprint>hellen-one-common:C0603</footprint>
      <fields>
        <field name="LCSC">C14663</field>
      </fields>
      <libsource lib="hellen-one-common" part="Cap" description="Capacitor"/>
      <property name="LCSC" value="C14663"/>
      <property name="Sheetname" value=""/>
      <property name="Sheetfile" value="hellen1-vr-max9924.kicad_sch"/>
      <property name="ki_description" value="Capacitor"/>
      <sheetpath names="/" tstamps="/"/>
      <tstamps>27466dca-46ac-41dd-8775-8548467c83d5</tstamps>
    </comp>
    <comp ref="C754">
      <value>22u</value>
      <footprint>hellen-one-common:C0603</footprint>
      <fields>
        <field name="LCSC">C59461</field>
      </fields>
      <libsource lib="hellen-one-common" part="Cap" description="Capacitor"/>
      <property name="LCSC" value="C59461"/>
      <property name="Sheetname" value=""/>
      <property name="Sheetfile" value="hellen1-vr-max9924.kicad_sch"/>
      <property name="ki_description" value="Capacitor"/>
      <sheetpath names="/" tstamps="/"/>
      <tstamps>e7c0f018-3211-43f7-9feb-0f2cfa154732</tstamps>
    </comp>
    <comp ref="D751">
      <value>GREEN</value>
      <footprint>LED_SMD:LED_0603_1608Metric</footprint>
      <fields>
        <field name="LCSC">C72043</field>
      </fields>
      <libsource lib="Device" part="LED" description="Light emitting diode"/>
      <property name="LCSC" value="C72043"/>
      <property name="Sheetname" value=""/>
      <property name="Sheetfile" value="hellen1-vr-max9924.kicad_sch"/>
      <property name="ki_description" value="Light emitting diode"/>
      <property name="ki_keywords" value="LED diode"/>
      <sheetpath names="/" tstamps="/"/>
      <tstamps>1ebe1648-b5ec-4729-92f8-46f9abb098ad</tstamps>
    </comp>
    <comp ref="D752">
      <value>BAT54S</value>
      <footprint>Package_TO_SOT_SMD:SOT-23</footprint>
      <datasheet>https://www.diodes.com/assets/Datasheets/ds11005.pdf</datasheet>
      <fields>
        <field name="LCSC">C408389</field>
      </fields>
      <libsource lib="Diode" part="BAT54S" description="Vr 30V, If 200mA, Dual schottky barrier diode, in series, SOT-323"/>
      <property name="LCSC" value="C408389"/>
      <property name="Sheetname" value=""/>
      <property name="Sheetfile" value="hellen1-vr-max9924.kicad_sch"/>
      <property name="ki_description" value="Vr 30V, If 200mA, Dual schottky barrier diode, in series, SOT-323"/>
      <property name="ki_keywords" value="schottky diode"/>
      <sheetpath names="/" tstamps="/"/>
      <tstamps>ddf12ea1-bc5c-4f5f-b0ed-f8731870c91a</tstamps>
    </comp>
    <comp ref="D753">
      <value>BAT54S</value>
      <footprint>Package_TO_SOT_SMD:SOT-23</footprint>
      <datasheet>https://www.diodes.com/assets/Datasheets/ds11005.pdf</datasheet>
      <fields>
        <field name="LCSC">C408389</field>
      </fields>
      <libsource lib="Diode" part="BAT54S" description="Vr 30V, If 200mA, Dual schottky barrier diode, in series, SOT-323"/>
      <property name="LCSC" value="C408389"/>
      <property name="Sheetname" value=""/>
      <property name="Sheetfile" value="hellen1-vr-max9924.kicad_sch"/>
      <property name="ki_description" value="Vr 30V, If 200mA, Dual schottky barrier diode, in series, SOT-323"/>
      <property name="ki_keywords" value="schottky diode"/>
      <sheetpath names="/" tstamps="/"/>
      <tstamps>b606704e-f727-4b5c-968b-12d4d6bf7093</tstamps>
    </comp>
    <comp ref="M751">
      <value>Module-vr-max9924-0.1</value>
      <footprint>hellen-one-vr-max9924-0.1:vr-max9924</footprint>
      <libsource lib="vr-max9924" part="Module-vr-max9924-0.1" description=""/>
      <property name="Sheetname" value=""/>
      <property name="Sheetfile" value="hellen1-vr-max9924.kicad_sch"/>
      <sheetpath names="/" tstamps="/"/>
      <tstamps>1805b737-8f11-43dd-8f74-91ff57e351d5</tstamps>
    </comp>
    <comp ref="Q752">
      <value>AO3401A</value>
      <footprint>hellen-one-common:SOT-23</footprint>
      <datasheet>https://datasheet.lcsc.com/lcsc/1810171817_Alpha-&amp;-Omega-Semicon-AO3401A_C15127.pdf</datasheet>
      <fields>
        <field name="LCSC">C15127</field>
      </fields>
      <libsource lib="" part="MOSFET-P_5" description="Generic P-Channel HEXFET Power MOSFET"/>
      <property name="LCSC" value="C15127"/>
      <property name="Sheetname" value=""/>
      <property name="Sheetfile" value="hellen1-vr-max9924.kicad_sch"/>
      <property name="ki_description" value="Generic P-Channel HEXFET Power MOSFET"/>
      <property name="ki_keywords" value="P-Channel HEXFET MOSFET"/>
      <sheetpath names="/" tstamps="/"/>
      <tstamps>d1f50922-454b-47dc-9845-bc12f469faf5</tstamps>
    </comp>
    <comp ref="Q753">
      <value>AO3400A</value>
      <footprint>hellen-one-common:SOT-23</footprint>
      <fields>
        <field name="LCSC"> C20917</field>
      </fields>
      <libsource lib="hellen-one-common" part="MOSFET-N" description="Generic N-Channel Power MOSFET"/>
      <property name="LCSC" value=" C20917"/>
      <property name="Sheetname" value=""/>
      <property name="Sheetfile" value="hellen1-vr-max9924.kicad_sch"/>
      <property name="ki_description" value="Generic N-Channel Power MOSFET"/>
      <property name="ki_keywords" value="N-Channel Power MOSFET OMNIFET"/>
      <sheetpath names="/" tstamps="/"/>
      <tstamps>95d94e2e-b73c-4c8f-97c6-963c0c634a73</tstamps>
    </comp>
    <comp ref="R751">
      <value>10k</value>
      <footprint>hellen-one-common:R1206</footprint>
      <fields>
        <field name="LCSC">C17928</field>
      </fields>
      <libsource lib="hellen-one-common" part="Res" description="Resistor"/>
      <property name="LCSC" value="C17928"/>
      <property name="Sheetname" value=""/>
      <property name="Sheetfile" value="hellen1-vr-max9924.kicad_sch"/>
      <property name="ki_description" value="Resistor"/>
      <sheetpath names="/" tstamps="/"/>
      <tstamps>205f4f74-e55f-4286-b63a-2dfc4752c49d</tstamps>
    </comp>
    <comp ref="R752">
      <value>10k</value>
      <footprint>hellen-one-common:R1206</footprint>
      <fields>
        <field name="LCSC">C17928</field>
      </fields>
      <libsource lib="hellen-one-common" part="Res" description="Resistor"/>
      <property name="LCSC" value="C17928"/>
      <property name="Sheetname" value=""/>
      <property name="Sheetfile" value="hellen1-vr-max9924.kicad_sch"/>
      <property name="ki_description" value="Resistor"/>
      <sheetpath names="/" tstamps="/"/>
      <tstamps>1a96d17a-71f6-4517-8740-1df5f65f2caf</tstamps>
    </comp>
    <comp ref="R753">
      <value>10k</value>
      <footprint>hellen-one-common:R1206</footprint>
      <fields>
        <field name="LCSC">C17928</field>
      </fields>
      <libsource lib="hellen-one-common" part="Res" description="Resistor"/>
      <property name="LCSC" value="C17928"/>
      <property name="Sheetname" value=""/>
      <property name="Sheetfile" value="hellen1-vr-max9924.kicad_sch"/>
      <property name="ki_description" value="Resistor"/>
      <sheetpath names="/" tstamps="/"/>
      <tstamps>1130c6bf-be0b-4b35-88a6-7cda891989c2</tstamps>
    </comp>
    <comp ref="R754">
      <value>10k</value>
      <footprint>hellen-one-common:R1206</footprint>
      <fields>
        <field name="LCSC">C17928</field>
      </fields>
      <libsource lib="hellen-one-common" part="Res" description="Resistor"/>
      <property name="LCSC" value="C17928"/>
      <property name="Sheetname" value=""/>
      <property name="Sheetfile" value="hellen1-vr-max9924.kicad_sch"/>
      <property name="ki_description" value="Resistor"/>
      <sheetpath names="/" tstamps="/"/>
      <tstamps>c71e0b7b-0a46-41f5-ab8a-3ef0abeafc5d</tstamps>
    </comp>
    <comp ref="R755">
      <value>DNP</value>
      <footprint>hellen-one-common:R0603</footprint>
      <libsource lib="hellen-one-common" part="Res" description="Resistor"/>
      <property name="LCSC" value=""/>
      <property name="Sheetname" value=""/>
      <property name="Sheetfile" value="hellen1-vr-max9924.kicad_sch"/>
      <property name="ki_description" value="Resistor"/>
      <sheetpath names="/" tstamps="/"/>
      <tstamps>00b2cfba-2bfb-47e7-9ea9-03c5edcef084</tstamps>
    </comp>
    <comp ref="R756">
      <value>10k</value>
      <footprint>hellen-one-common:R0603</footprint>
      <fields>
        <field name="LCSC">C25804</field>
      </fields>
      <libsource lib="hellen-one-common" part="Res" description="Resistor"/>
      <property name="LCSC" value="C25804"/>
      <property name="Sheetname" value=""/>
      <property name="Sheetfile" value="hellen1-vr-max9924.kicad_sch"/>
      <property name="ki_description" value="Resistor"/>
      <sheetpath names="/" tstamps="/"/>
      <tstamps>358252e5-5a3c-4e0f-b4a9-b3d2716a20c5</tstamps>
    </comp>
    <comp ref="R757">
      <value>10k</value>
      <footprint>hellen-one-common:R0603</footprint>
      <fields>
        <field name="LCSC">C25804</field>
      </fields>
      <libsource lib="hellen-one-common" part="Res" description="Resistor"/>
      <property name="LCSC" value="C25804"/>
      <property name="Sheetname" value=""/>
      <property name="Sheetfile" value="hellen1-vr-max9924.kicad_sch"/>
      <property name="ki_description" value="Resistor"/>
      <sheetpath names="/" tstamps="/"/>
      <tstamps>1d50e7f9-e9d2-4e00-8732-5ccccf51b6dc</tstamps>
    </comp>
    <comp ref="R758">
      <value>10k</value>
      <footprint>hellen-one-common:R1206</footprint>
      <fields>
        <field name="LCSC">C17928</field>
      </fields>
      <libsource lib="hellen-one-common" part="Res" description="Resistor"/>
      <property name="LCSC" value="C17928"/>
      <property name="Sheetname" value=""/>
      <property name="Sheetfile" value="hellen1-vr-max9924.kicad_sch"/>
      <property name="ki_description" value="Resistor"/>
      <sheetpath names="/" tstamps="/"/>
      <tstamps>084776b5-4528-4b08-b85f-115b4bc436d1</tstamps>
    </comp>
    <comp ref="R759">
      <value>10k</value>
      <footprint>hellen-one-common:R1206</footprint>
      <fields>
        <field name="LCSC">C17928</field>
      </fields>
      <libsource lib="hellen-one-common" part="Res" description="Resistor"/>
      <property name="LCSC" value="C17928"/>
      <property name="Sheetname" value=""/>
      <property name="Sheetfile" value="hellen1-vr-max9924.kicad_sch"/>
      <property name="ki_description" value="Resistor"/>
      <sheetpath names="/" tstamps="/"/>
      <tstamps>4234ab18-4d00-41b7-87ee-bee0344e49fd</tstamps>
    </comp>
    <comp ref="R760">
      <value>10k</value>
      <footprint>hellen-one-common:R0603</footprint>
      <fields>
        <field name="LCSC">C25804</field>
      </fields>
      <libsource lib="hellen-one-common" part="Res" description="Resistor"/>
      <property name="LCSC" value="C25804"/>
      <property name="Sheetname" value=""/>
      <property name="Sheetfile" value="hellen1-vr-max9924.kicad_sch"/>
      <property name="ki_description" value="Resistor"/>
      <sheetpath names="/" tstamps="/"/>
      <tstamps>7788e01a-a9d3-4d96-bc61-04e4e74a73fb</tstamps>
    </comp>
    <comp ref="R761">
      <value>10k</value>
      <footprint>hellen-one-common:R1206</footprint>
      <fields>
        <field name="LCSC">C17928</field>
      </fields>
      <libsource lib="hellen-one-common" part="Res" description="Resistor"/>
      <property name="LCSC" value="C17928"/>
      <property name="Sheetname" value=""/>
      <property name="Sheetfile" value="hellen1-vr-max9924.kicad_sch"/>
      <property name="ki_description" value="Resistor"/>
      <sheetpath names="/" tstamps="/"/>
      <tstamps>85ab6bff-713d-435e-b48c-3aea033dfc66</tstamps>
    </comp>
    <comp ref="R762">
      <value>10k</value>
      <footprint>hellen-one-common:R0603</footprint>
      <fields>
        <field name="LCSC">C25804</field>
      </fields>
      <libsource lib="hellen-one-common" part="Res" description="Resistor"/>
      <property name="LCSC" value="C25804"/>
      <property name="Sheetname" value=""/>
      <property name="Sheetfile" value="hellen1-vr-max9924.kicad_sch"/>
      <property name="ki_description" value="Resistor"/>
      <sheetpath names="/" tstamps="/"/>
      <tstamps>b4dbc1ae-4ae6-4fd0-8096-a81e827afba0</tstamps>
    </comp>
    <comp ref="R763">
      <value>10k</value>
      <footprint>hellen-one-common:R1206</footprint>
      <fields>
        <field name="LCSC">C17928</field>
      </fields>
      <libsource lib="hellen-one-common" part="Res" description="Resistor"/>
      <property name="LCSC" value="C17928"/>
      <property name="Sheetname" value=""/>
      <property name="Sheetfile" value="hellen1-vr-max9924.kicad_sch"/>
      <property name="ki_description" value="Resistor"/>
      <sheetpath names="/" tstamps="/"/>
      <tstamps>e767ca46-78e3-44e6-8144-762572db7f20</tstamps>
    </comp>
    <comp ref="U751">
      <value>MAX9924UAUB+</value>
      <footprint>Package_SO:MSOP-10_3x3mm_P0.5mm</footprint>
      <datasheet>https://datasheet.lcsc.com/lcsc/1811091110_Maxim-Integrated-MAX9924UAUB-_C143633.pdf</datasheet>
      <fields>
        <field name="LCSC">C143633</field>
      </fields>
      <libsource lib="chips" part="MAX9924" description=""/>
      <property name="LCSC" value="C143633"/>
      <property name="Sheetname" value=""/>
      <property name="Sheetfile" value="hellen1-vr-max9924.kicad_sch"/>
      <sheetpath names="/" tstamps="/"/>
      <tstamps>3a550eb5-c626-4ee2-8a02-79ebf940f765</tstamps>
    </comp>
  </components>
  <libparts>
    <libpart lib="" part="MOSFET-P_5">
      <description>Generic P-Channel HEXFET Power MOSFET</description>
      <docs>https://datasheet.lcsc.com/lcsc/1810171817_Alpha-&amp;-Omega-Semicon-AO3401A_C15127.pdf</docs>
      <footprints>
        <fp>SOT?23*</fp>
      </footprints>
      <fields>
        <field name="Reference">Q</field>
        <field name="Value">MOSFET-P_5</field>
        <field name="Footprint">hellen-one-common:SOT-23</field>
        <field name="Datasheet">https://datasheet.lcsc.com/lcsc/1810171817_Alpha-&amp;-Omega-Semicon-AO3401A_C15127.pdf</field>
        <field name="LCSC">C15127</field>
      </fields>
      <pins>
        <pin num="1" name="G" type="input"/>
        <pin num="2" name="D" type="passive"/>
        <pin num="3" name="S" type="passive"/>
      </pins>
    </libpart>
    <libpart lib="Device" part="LED">
      <description>Light emitting diode</description>
      <docs>~</docs>
      <footprints>
        <fp>LED*</fp>
        <fp>LED_SMD:*</fp>
        <fp>LED_THT:*</fp>
      </footprints>
      <fields>
        <field name="Reference">D</field>
        <field name="Value">LED</field>
        <field name="Datasheet">~</field>
      </fields>
      <pins>
        <pin num="1" name="K" type="passive"/>
        <pin num="2" name="A" type="passive"/>
      </pins>
    </libpart>
    <libpart lib="Diode" part="BAT54S">
      <description>Vr 30V, If 200mA, Dual schottky barrier diode, in series, SOT-323</description>
      <docs>https://www.diodes.com/assets/Datasheets/ds11005.pdf</docs>
      <footprints>
        <fp>SOT?23*</fp>
      </footprints>
      <fields>
        <field name="Reference">D</field>
        <field name="Value">BAT54S</field>
        <field name="Footprint">Package_TO_SOT_SMD:SOT-23</field>
        <field name="Datasheet">https://www.diodes.com/assets/Datasheets/ds11005.pdf</field>
      </fields>
      <pins>
        <pin num="1" name="A" type="passive"/>
        <pin num="2" name="K" type="passive"/>
        <pin num="3" name="COM" type="passive"/>
      </pins>
    </libpart>
    <libpart lib="chips" part="MAX9924">
      <docs>https://datasheet.lcsc.com/lcsc/1811091110_Maxim-Integrated-MAX9924UAUB-_C143633.pdf</docs>
      <fields>
        <field name="Reference">U</field>
        <field name="Value">MAX9924UAUB+</field>
        <field name="Footprint">Package_SO:MSOP-10_3x3mm_P0.5mm</field>
        <field name="Datasheet">https://datasheet.lcsc.com/lcsc/1811091110_Maxim-Integrated-MAX9924UAUB-_C143633.pdf</field>
        <field name="LCSC">C143633</field>
      </fields>
      <pins>
        <pin num="1" name="IN+" type="input"/>
        <pin num="2" name="IN-" type="input"/>
        <pin num="3" name="NC" type="passive"/>
        <pin num="4" name="BIAS" type="passive"/>
        <pin num="5" name="GND" type="passive"/>
        <pin num="6" name="ZERO_EN" type="passive"/>
        <pin num="7" name="COUT" type="passive"/>
        <pin num="8" name="EXT" type="passive"/>
        <pin num="9" name="INT_THRS" type="passive"/>
        <pin num="10" name="VCC" type="passive"/>
      </pins>
    </libpart>
    <libpart lib="hellen-one-common" part="Cap">
      <description>Capacitor</description>
      <fields>
        <field name="Reference">C</field>
        <field name="Value">Cap</field>
        <field name="Footprint">hellen-one-common:C0603</field>
      </fields>
      <pins>
        <pin num="1" name="" type="passive"/>
        <pin num="2" name="" type="passive"/>
      </pins>
    </libpart>
    <libpart lib="hellen-one-common" part="MOSFET-N">
      <description>Generic N-Channel Power MOSFET</description>
      <footprints>
        <fp>TO?220*</fp>
      </footprints>
      <fields>
        <field name="Reference">Q</field>
        <field name="Value">MOSFET-N</field>
        <field name="Footprint">hellen-one-common:SOT-23</field>
        <field name="LCSC"> C20917</field>
      </fields>
      <pins>
        <pin num="1" name="G" type="input"/>
        <pin num="2" name="D" type="passive"/>
        <pin num="3" name="S" type="passive"/>
      </pins>
    </libpart>
    <libpart lib="hellen-one-common" part="Res">
      <description>Resistor</description>
      <fields>
        <field name="Reference">R</field>
        <field name="Value">Res</field>
        <field name="Footprint">hellen-one-common:R0603</field>
      </fields>
      <pins>
        <pin num="1" name="" type="passive"/>
        <pin num="2" name="" type="passive"/>
      </pins>
    </libpart>
    <libpart lib="vr-max9924" part="Module-vr-max9924-0.1">
      <fields>
        <field name="Reference">M</field>
        <field name="Value">Module-vr-max9924-0.1</field>
        <field name="Footprint">hellen-one-vr-max9924-0.1:vr-max9924</field>
      </fields>
      <pins>
        <pin num="E1" name="HALL_EN" type="passive"/>
        <pin num="E2" name="NC" type="passive"/>
        <pin num="E3" name="OUT" type="passive"/>
        <pin num="E4" name="V5_IN" type="passive"/>
        <pin num="G" name="GND" type="passive"/>
        <pin num="W1" name="VR-/HALL" type="passive"/>
        <pin num="W2" name="VR+" type="passive"/>
      </pins>
    </libpart>
  </libparts>
  <libraries>
    <library logical="Device">
      <uri>C:\Program Files\KiCad\7.0\share\kicad\symbols\/Device.kicad_sym</uri>
    </library>
    <library logical="Diode">
      <uri>C:\Program Files\KiCad\7.0\share\kicad\symbols\/Diode.kicad_sym</uri>
    </library>
    <library logical="hellen-one-common">
      <uri>C:\Work\rusefi\github\hellen-one\kicad\modules\hellen1-vr-max9924/../../hellen-one-common.kicad_sym</uri>
    </library>
    <library logical="vr-max9924">
      <uri>C:\Work\rusefi\github\hellen-one\kicad\modules\hellen1-vr-max9924/../../../modules/vr-max9924/0.1/vr-max9924.kicad_sym</uri>
    </library>
  </libraries>
  <nets>
    <net code="1" name="+5V">
      <node ref="C752" pin="2" pintype="passive"/>
      <node ref="C754" pin="2" pintype="passive"/>
      <node ref="D752" pin="2" pinfunction="K" pintype="passive"/>
      <node ref="D753" pin="2" pinfunction="K" pintype="passive"/>
      <node ref="M751" pin="E4" pinfunction="V5_IN" pintype="passive"/>
      <node ref="Q752" pin="3" pinfunction="S" pintype="passive"/>
      <node ref="R756" pin="2" pintype="passive"/>
      <node ref="R757" pin="2" pintype="passive"/>
      <node ref="R760" pin="2" pintype="passive"/>
      <node ref="U751" pin="10" pinfunction="VCC" pintype="passive"/>
    </net>
    <net code="2" name="GND">
      <node ref="C752" pin="1" pintype="passive"/>
      <node ref="C754" pin="1" pintype="passive"/>
      <node ref="D752" pin="1" pinfunction="A" pintype="passive"/>
      <node ref="D753" pin="1" pinfunction="A" pintype="passive"/>
      <node ref="M751" pin="G" pinfunction="GND" pintype="passive"/>
      <node ref="Q753" pin="3" pinfunction="S" pintype="passive"/>
      <node ref="R762" pin="1" pintype="passive"/>
      <node ref="U751" pin="4" pinfunction="BIAS" pintype="passive"/>
      <node ref="U751" pin="5" pinfunction="GND" pintype="passive"/>
      <node ref="U751" pin="6" pinfunction="ZERO_EN" pintype="passive"/>
      <node ref="U751" pin="9" pinfunction="INT_THRS" pintype="passive"/>
    </net>
    <net code="3" name="HALL_EN">
      <node ref="M751" pin="E1" pinfunction="HALL_EN" pintype="passive"/>
      <node ref="Q753" pin="1" pinfunction="G" pintype="input"/>
      <node ref="R762" pin="2" pintype="passive"/>
    </net>
    <net code="4" name="Net-(D751-A)">
      <node ref="D751" pin="2" pinfunction="A" pintype="passive"/>
      <node ref="R757" pin="1" pintype="passive"/>
    </net>
    <net code="5" name="Net-(D752-COM)">
      <node ref="D752" pin="3" pinfunction="COM" pintype="passive"/>
      <node ref="Q752" pin="2" pinfunction="D" pintype="passive"/>
      <node ref="R759" pin="1" pintype="passive"/>
    </net>
    <net code="6" name="Net-(D753-COM)">
      <node ref="D753" pin="3" pinfunction="COM" pintype="passive"/>
      <node ref="R761" pin="1" pintype="passive"/>
    </net>
    <net code="7" name="Net-(Q752-G)">
      <node ref="Q752" pin="1" pinfunction="G" pintype="input"/>
      <node ref="Q753" pin="2" pinfunction="D" pintype="passive"/>
      <node ref="R760" pin="1" pintype="passive"/>
    </net>
    <net code="8" name="Net-(R751-Pad1)">
      <node ref="R751" pin="1" pintype="passive"/>
      <node ref="R753" pin="2" pintype="passive"/>
    </net>
    <net code="9" name="Net-(R752-Pad1)">
      <node ref="R752" pin="1" pintype="passive"/>
      <node ref="R754" pin="2" pintype="passive"/>
    </net>
    <net code="10" name="Net-(R758-Pad1)">
      <node ref="R758" pin="1" pintype="passive"/>
      <node ref="R759" pin="2" pintype="passive"/>
    </net>
    <net code="11" name="Net-(R761-Pad2)">
      <node ref="R761" pin="2" pintype="passive"/>
      <node ref="R763" pin="1" pintype="passive"/>
    </net>
    <net code="12" name="Net-(U751-IN+)">
      <node ref="C751" pin="2" pintype="passive"/>
      <node ref="R753" pin="1" pintype="passive"/>
      <node ref="R755" pin="2" pintype="passive"/>
      <node ref="U751" pin="1" pinfunction="IN+" pintype="input"/>
    </net>
    <net code="13" name="Net-(U751-IN-)">
      <node ref="C751" pin="1" pintype="passive"/>
      <node ref="R754" pin="1" pintype="passive"/>
      <node ref="R755" pin="1" pintype="passive"/>
      <node ref="U751" pin="2" pinfunction="IN-" pintype="input"/>
    </net>
    <net code="14" name="VR+">
      <node ref="M751" pin="W2" pinfunction="VR+" pintype="passive"/>
      <node ref="R751" pin="2" pintype="passive"/>
      <node ref="R763" pin="2" pintype="passive"/>
    </net>
    <net code="15" name="VR-">
      <node ref="M751" pin="W1" pinfunction="VR-/HALL" pintype="passive"/>
      <node ref="R752" pin="2" pintype="passive"/>
      <node ref="R758" pin="2" pintype="passive"/>
    </net>
    <net code="16" name="output">
      <node ref="D751" pin="1" pinfunction="K" pintype="passive"/>
      <node ref="M751" pin="E3" pinfunction="OUT" pintype="passive"/>
      <node ref="R756" pin="1" pintype="passive"/>
      <node ref="U751" pin="7" pinfunction="COUT" pintype="passive"/>
    </net>
    <net code="17" name="unconnected-(M751-NC-PadE2)">
      <node ref="M751" pin="E2" pinfunction="NC" pintype="passive+no_connect"/>
    </net>
    <net code="18" name="unconnected-(U751-EXT-Pad8)">
      <node ref="U751" pin="8" pinfunction="EXT" pintype="passive+no_connect"/>
    </net>
    <net code="19" name="unconnected-(U751-NC-Pad3)">
      <node ref="U751" pin="3" pinfunction="NC" pintype="passive+no_connect"/>
    </net>
  </nets>
</export>
