<?xml version="1.0" encoding="UTF-8"?>
<export version="E">
  <design>
    <source>G:\RADIO\PROJECTS\S3EFI\Hellen\src\!release\!hellen-boards\hellen-one\kicad\modules\hellen1-wbo\hellen1-wbo.kicad_sch</source>
    <date>24/04/2021 18:16:25</date>
    <tool>Eeschema (5.99.0-10200-gdf5f010514)</tool>
    <sheet number="1" name="/" tstamps="/">
      <title_block>
        <title/>
        <company/>
        <rev/>
        <date/>
        <source>hellen1-wbo.kicad_sch</source>
        <comment number="1" value=""/>
        <comment number="2" value=""/>
        <comment number="3" value=""/>
        <comment number="4" value=""/>
        <comment number="5" value=""/>
        <comment number="6" value=""/>
        <comment number="7" value=""/>
        <comment number="8" value=""/>
        <comment number="9" value=""/>
      </title_block>
    </sheet>
  </design>
  <components>
    <comp ref="C600">
      <value>1u</value>
      <footprint>Capacitor_SMD:C_0402_1005Metric</footprint>
      <datasheet>~</datasheet>
      <fields>
        <field name="LCSC">C52923</field>
      </fields>
      <libsource lib="hellen1-wbo-rescue" part="C-Device" description=""/>
      <property name="LCSC" value="C52923"/>
      <property name="Sheetname" value=""/>
      <property name="Sheetfile" value="hellen1-wbo.kicad_sch"/>
      <sheetpath names="/" tstamps="/"/>
      <tstamps>00000000-0000-0000-0000-00005eb1294f</tstamps>
    </comp>
    <comp ref="C601">
      <value>100n</value>
      <footprint>Capacitor_SMD:C_0402_1005Metric</footprint>
      <datasheet>~</datasheet>
      <fields>
        <field name="LCSC">C1525</field>
      </fields>
      <libsource lib="hellen1-wbo-rescue" part="C-Device" description=""/>
      <property name="LCSC" value="C1525"/>
      <property name="Sheetname" value=""/>
      <property name="Sheetfile" value="hellen1-wbo.kicad_sch"/>
      <sheetpath names="/" tstamps="/"/>
      <tstamps>00000000-0000-0000-0000-0000602bc665</tstamps>
    </comp>
    <comp ref="C602">
      <value>100n</value>
      <footprint>Capacitor_SMD:C_0402_1005Metric</footprint>
      <datasheet>~</datasheet>
      <fields>
        <field name="LCSC">C1525</field>
      </fields>
      <libsource lib="hellen1-wbo-rescue" part="C-Device" description=""/>
      <property name="LCSC" value="C1525"/>
      <property name="Sheetname" value=""/>
      <property name="Sheetfile" value="hellen1-wbo.kicad_sch"/>
      <sheetpath names="/" tstamps="/"/>
      <tstamps>00000000-0000-0000-0000-00005fdfc1bb</tstamps>
    </comp>
    <comp ref="C603">
      <value>33n</value>
      <footprint>Capacitor_SMD:C_0402_1005Metric</footprint>
      <datasheet>~</datasheet>
      <fields>
        <field name="LCSC">C1585</field>
      </fields>
      <libsource lib="hellen1-wbo-rescue" part="C-Device" description=""/>
      <property name="LCSC" value="C1585"/>
      <property name="Sheetname" value=""/>
      <property name="Sheetfile" value="hellen1-wbo.kicad_sch"/>
      <sheetpath names="/" tstamps="/"/>
      <tstamps>00000000-0000-0000-0000-00005f942576</tstamps>
    </comp>
    <comp ref="C604">
      <value>DNP</value>
      <footprint>Capacitor_SMD:C_0402_1005Metric</footprint>
      <datasheet>~</datasheet>
      <libsource lib="hellen1-wbo-rescue" part="C-Device" description=""/>
      <property name="LCSC" value=""/>
      <property name="Sheetname" value=""/>
      <property name="Sheetfile" value="hellen1-wbo.kicad_sch"/>
      <sheetpath names="/" tstamps="/"/>
      <tstamps>00000000-0000-0000-0000-00005fc9fa14</tstamps>
    </comp>
    <comp ref="C605">
      <value>100n</value>
      <footprint>Capacitor_SMD:C_0402_1005Metric</footprint>
      <datasheet>~</datasheet>
      <fields>
        <field name="LCSC">C1525</field>
      </fields>
      <libsource lib="hellen1-wbo-rescue" part="C-Device" description=""/>
      <property name="LCSC" value="C1525"/>
      <property name="Sheetname" value=""/>
      <property name="Sheetfile" value="hellen1-wbo.kicad_sch"/>
      <sheetpath names="/" tstamps="/"/>
      <tstamps>00000000-0000-0000-0000-00005eb2aa98</tstamps>
    </comp>
    <comp ref="C606">
      <value>DNP</value>
      <footprint>Capacitor_SMD:C_0402_1005Metric</footprint>
      <datasheet>~</datasheet>
      <libsource lib="hellen1-wbo-rescue" part="C-Device" description=""/>
      <property name="LCSC" value=""/>
      <property name="Sheetname" value=""/>
      <property name="Sheetfile" value="hellen1-wbo.kicad_sch"/>
      <sheetpath names="/" tstamps="/"/>
      <tstamps>00000000-0000-0000-0000-00005fcbe8ab</tstamps>
    </comp>
    <comp ref="C607">
      <value>1u</value>
      <footprint>Capacitor_SMD:C_0402_1005Metric</footprint>
      <datasheet>~</datasheet>
      <fields>
        <field name="LCSC">C52923</field>
      </fields>
      <libsource lib="hellen1-wbo-rescue" part="C-Device" description=""/>
      <property name="LCSC" value="C52923"/>
      <property name="Sheetname" value=""/>
      <property name="Sheetfile" value="hellen1-wbo.kicad_sch"/>
      <sheetpath names="/" tstamps="/"/>
      <tstamps>00000000-0000-0000-0000-00005eb43469</tstamps>
    </comp>
    <comp ref="C608">
      <value>100n</value>
      <footprint>Capacitor_SMD:C_0402_1005Metric</footprint>
      <datasheet>~</datasheet>
      <fields>
        <field name="LCSC">C1525</field>
      </fields>
      <libsource lib="hellen1-wbo-rescue" part="C-Device" description=""/>
      <property name="LCSC" value="C1525"/>
      <property name="Sheetname" value=""/>
      <property name="Sheetfile" value="hellen1-wbo.kicad_sch"/>
      <sheetpath names="/" tstamps="/"/>
      <tstamps>00000000-0000-0000-0000-00005fe80f0f</tstamps>
    </comp>
    <comp ref="C609">
      <value>1u</value>
      <footprint>Capacitor_SMD:C_0402_1005Metric</footprint>
      <datasheet>~</datasheet>
      <fields>
        <field name="LCSC">C52923</field>
      </fields>
      <libsource lib="hellen1-wbo-rescue" part="C-Device" description=""/>
      <property name="LCSC" value="C52923"/>
      <property name="Sheetname" value=""/>
      <property name="Sheetfile" value="hellen1-wbo.kicad_sch"/>
      <sheetpath names="/" tstamps="/"/>
      <tstamps>00000000-0000-0000-0000-00005fe3f967</tstamps>
    </comp>
    <comp ref="C610">
      <value>1u</value>
      <footprint>Capacitor_SMD:C_0402_1005Metric</footprint>
      <datasheet>~</datasheet>
      <fields>
        <field name="LCSC">C52923</field>
      </fields>
      <libsource lib="hellen1-wbo-rescue" part="C-Device" description=""/>
      <property name="LCSC" value="C52923"/>
      <property name="Sheetname" value=""/>
      <property name="Sheetfile" value="hellen1-wbo.kicad_sch"/>
      <sheetpath names="/" tstamps="/"/>
      <tstamps>00000000-0000-0000-0000-00005ff21c74</tstamps>
    </comp>
    <comp ref="C611">
      <value>1u</value>
      <footprint>Capacitor_SMD:C_0402_1005Metric</footprint>
      <datasheet>~</datasheet>
      <fields>
        <field name="LCSC">C52923</field>
      </fields>
      <libsource lib="hellen1-wbo-rescue" part="C-Device" description=""/>
      <property name="LCSC" value="C52923"/>
      <property name="Sheetname" value=""/>
      <property name="Sheetfile" value="hellen1-wbo.kicad_sch"/>
      <sheetpath names="/" tstamps="/"/>
      <tstamps>00000000-0000-0000-0000-00005f9c6f22</tstamps>
    </comp>
    <comp ref="C612">
      <value>100n</value>
      <footprint>Capacitor_SMD:C_0402_1005Metric</footprint>
      <datasheet>~</datasheet>
      <fields>
        <field name="LCSC">C1525</field>
      </fields>
      <libsource lib="hellen1-wbo-rescue" part="C-Device" description=""/>
      <property name="LCSC" value="C1525"/>
      <property name="Sheetname" value=""/>
      <property name="Sheetfile" value="hellen1-wbo.kicad_sch"/>
      <sheetpath names="/" tstamps="/"/>
      <tstamps>00000000-0000-0000-0000-00005f9c7cf3</tstamps>
    </comp>
    <comp ref="C613">
      <value>100n</value>
      <footprint>Capacitor_SMD:C_0402_1005Metric</footprint>
      <datasheet>~</datasheet>
      <fields>
        <field name="LCSC">C1525</field>
      </fields>
      <libsource lib="hellen1-wbo-rescue" part="C-Device" description=""/>
      <property name="LCSC" value="C1525"/>
      <property name="Sheetname" value=""/>
      <property name="Sheetfile" value="hellen1-wbo.kicad_sch"/>
      <sheetpath names="/" tstamps="/"/>
      <tstamps>00000000-0000-0000-0000-00005ee11fa8</tstamps>
    </comp>
    <comp ref="C614">
      <value>100n</value>
      <footprint>Capacitor_SMD:C_0402_1005Metric</footprint>
      <datasheet>~</datasheet>
      <fields>
        <field name="LCSC">C1525</field>
      </fields>
      <libsource lib="hellen1-wbo-rescue" part="C-Device" description=""/>
      <property name="LCSC" value="C1525"/>
      <property name="Sheetname" value=""/>
      <property name="Sheetfile" value="hellen1-wbo.kicad_sch"/>
      <sheetpath names="/" tstamps="/"/>
      <tstamps>00000000-0000-0000-0000-00006014129f</tstamps>
    </comp>
    <comp ref="C615">
      <value>100n</value>
      <footprint>Capacitor_SMD:C_0402_1005Metric</footprint>
      <datasheet>~</datasheet>
      <fields>
        <field name="LCSC">C1525</field>
      </fields>
      <libsource lib="hellen1-wbo-rescue" part="C-Device" description=""/>
      <property name="LCSC" value="C1525"/>
      <property name="Sheetname" value=""/>
      <property name="Sheetfile" value="hellen1-wbo.kicad_sch"/>
      <sheetpath names="/" tstamps="/"/>
      <tstamps>00000000-0000-0000-0000-000060140604</tstamps>
    </comp>
    <comp ref="C616">
      <value>4.7u</value>
      <footprint>Capacitor_SMD:C_0603_1608Metric</footprint>
      <datasheet>~</datasheet>
      <fields>
        <field name="LCSC">C19666</field>
      </fields>
      <libsource lib="hellen1-wbo-rescue" part="C-Device" description=""/>
      <property name="LCSC" value="C19666"/>
      <property name="Sheetname" value=""/>
      <property name="Sheetfile" value="hellen1-wbo.kicad_sch"/>
      <sheetpath names="/" tstamps="/"/>
      <tstamps>00000000-0000-0000-0000-00005ee2e051</tstamps>
    </comp>
    <comp ref="D600">
      <value>LED-RED-0603</value>
      <footprint>LED_SMD:LED_0603_1608Metric</footprint>
      <datasheet>~</datasheet>
      <fields>
        <field name="LCSC">C2286</field>
      </fields>
      <libsource lib="hellen1-wbo-rescue" part="LED-Device" description=""/>
      <property name="LCSC" value="C2286"/>
      <property name="Sheetname" value=""/>
      <property name="Sheetfile" value="hellen1-wbo.kicad_sch"/>
      <sheetpath names="/" tstamps="/"/>
      <tstamps>00000000-0000-0000-0000-0000602e44ae</tstamps>
    </comp>
    <comp ref="D601">
      <value>LED-GREEN-0603</value>
      <footprint>LED_SMD:LED_0603_1608Metric</footprint>
      <datasheet>~</datasheet>
      <fields>
        <field name="LCSC">C72043</field>
      </fields>
      <libsource lib="hellen1-wbo-rescue" part="LED-Device" description=""/>
      <property name="LCSC" value="C72043"/>
      <property name="Sheetname" value=""/>
      <property name="Sheetfile" value="hellen1-wbo.kicad_sch"/>
      <sheetpath names="/" tstamps="/"/>
      <tstamps>00000000-0000-0000-0000-0000607b4b99</tstamps>
    </comp>
    <comp ref="D602">
      <value>LED-BLUE-0603</value>
      <footprint>LED_SMD:LED_0603_1608Metric</footprint>
      <datasheet>~</datasheet>
      <fields>
        <field name="LCSC">C72041</field>
      </fields>
      <libsource lib="hellen1-wbo-rescue" part="LED-Device" description=""/>
      <property name="LCSC" value="C72041"/>
      <property name="Sheetname" value=""/>
      <property name="Sheetfile" value="hellen1-wbo.kicad_sch"/>
      <sheetpath names="/" tstamps="/"/>
      <tstamps>00000000-0000-0000-0000-00005fc3f936</tstamps>
    </comp>
    <comp ref="D603">
      <value>LED-RED-0603</value>
      <footprint>LED_SMD:LED_0603_1608Metric</footprint>
      <datasheet>~</datasheet>
      <fields>
        <field name="LCSC">C2286</field>
      </fields>
      <libsource lib="hellen1-wbo-rescue" part="LED-Device" description=""/>
      <property name="LCSC" value="C2286"/>
      <property name="Sheetname" value=""/>
      <property name="Sheetfile" value="hellen1-wbo.kicad_sch"/>
      <sheetpath names="/" tstamps="/"/>
      <tstamps>00000000-0000-0000-0000-00005fd14734</tstamps>
    </comp>
    <comp ref="M600">
      <value>Module-wbo-0.1</value>
      <footprint>hellen-one-wbo-0.1:wbo</footprint>
      <libsource lib="hellen-one-wbo-0.1" part="Module-wbo-0.1" description=""/>
      <property name="Sheetname" value=""/>
      <property name="Sheetfile" value="hellen1-wbo.kicad_sch"/>
      <sheetpath names="/" tstamps="/"/>
      <tstamps>3a3e9b13-99b4-4fcd-88a4-ee31c555ec85</tstamps>
    </comp>
    <comp ref="Q600">
      <value>BTS3028</value>
      <footprint>Package_TO_SOT_SMD:TO-252-2</footprint>
      <datasheet>~</datasheet>
      <fields>
        <field name="LCSC">C112639</field>
      </fields>
      <libsource lib="hellen1-wbo-rescue" part="Q_NMOS_GDS-Device" description=""/>
      <property name="LCSC" value="C112639"/>
      <property name="Sheetname" value=""/>
      <property name="Sheetfile" value="hellen1-wbo.kicad_sch"/>
      <sheetpath names="/" tstamps="/"/>
      <tstamps>00000000-0000-0000-0000-0000600e1a2d</tstamps>
    </comp>
    <comp ref="R600">
      <value>1k</value>
      <footprint>Resistor_SMD:R_0402_1005Metric</footprint>
      <datasheet>~</datasheet>
      <fields>
        <field name="LCSC">C11702</field>
      </fields>
      <libsource lib="hellen1-wbo-rescue" part="R-Device" description=""/>
      <property name="LCSC" value="C11702"/>
      <property name="Sheetname" value=""/>
      <property name="Sheetfile" value="hellen1-wbo.kicad_sch"/>
      <sheetpath names="/" tstamps="/"/>
      <tstamps>00000000-0000-0000-0000-00005eb0f879</tstamps>
    </comp>
    <comp ref="R601">
      <value>1k</value>
      <footprint>Resistor_SMD:R_0402_1005Metric</footprint>
      <datasheet>~</datasheet>
      <fields>
        <field name="LCSC">C11702</field>
      </fields>
      <libsource lib="hellen1-wbo-rescue" part="R-Device" description=""/>
      <property name="LCSC" value="C11702"/>
      <property name="Sheetname" value=""/>
      <property name="Sheetfile" value="hellen1-wbo.kicad_sch"/>
      <sheetpath names="/" tstamps="/"/>
      <tstamps>00000000-0000-0000-0000-00005eb0fc27</tstamps>
    </comp>
    <comp ref="R602">
      <value>68k</value>
      <footprint>Resistor_SMD:R_0402_1005Metric</footprint>
      <datasheet>~</datasheet>
      <fields>
        <field name="LCSC">C36871</field>
      </fields>
      <libsource lib="hellen1-wbo-rescue" part="R-Device" description=""/>
      <property name="LCSC" value="C36871"/>
      <property name="Sheetname" value=""/>
      <property name="Sheetfile" value="hellen1-wbo.kicad_sch"/>
      <sheetpath names="/" tstamps="/"/>
      <tstamps>00000000-0000-0000-0000-00005f77f74c</tstamps>
    </comp>
    <comp ref="R603">
      <value>68k</value>
      <footprint>Resistor_SMD:R_0402_1005Metric</footprint>
      <datasheet>~</datasheet>
      <fields>
        <field name="LCSC">C36871</field>
      </fields>
      <libsource lib="hellen1-wbo-rescue" part="R-Device" description=""/>
      <property name="LCSC" value="C36871"/>
      <property name="Sheetname" value=""/>
      <property name="Sheetfile" value="hellen1-wbo.kicad_sch"/>
      <sheetpath names="/" tstamps="/"/>
      <tstamps>00000000-0000-0000-0000-00005f77eede</tstamps>
    </comp>
    <comp ref="R604">
      <value>10k</value>
      <footprint>Resistor_SMD:R_0402_1005Metric</footprint>
      <datasheet>~</datasheet>
      <fields>
        <field name="LCSC">C25744</field>
      </fields>
      <libsource lib="hellen1-wbo-rescue" part="R-Device" description=""/>
      <property name="LCSC" value="C25744"/>
      <property name="Sheetname" value=""/>
      <property name="Sheetfile" value="hellen1-wbo.kicad_sch"/>
      <sheetpath names="/" tstamps="/"/>
      <tstamps>00000000-0000-0000-0000-00005f6f3b55</tstamps>
    </comp>
    <comp ref="R605">
      <value>10k</value>
      <footprint>Resistor_SMD:R_0402_1005Metric</footprint>
      <datasheet>~</datasheet>
      <fields>
        <field name="LCSC">C25744</field>
      </fields>
      <libsource lib="hellen1-wbo-rescue" part="R-Device" description=""/>
      <property name="LCSC" value="C25744"/>
      <property name="Sheetname" value=""/>
      <property name="Sheetfile" value="hellen1-wbo.kicad_sch"/>
      <sheetpath names="/" tstamps="/"/>
      <tstamps>00000000-0000-0000-0000-00005f6f4038</tstamps>
    </comp>
    <comp ref="R606">
      <value>10</value>
      <footprint>Resistor_SMD:R_0402_1005Metric</footprint>
      <datasheet>~</datasheet>
      <fields>
        <field name="LCSC">C25077</field>
      </fields>
      <libsource lib="hellen1-wbo-rescue" part="R-Device" description=""/>
      <property name="LCSC" value="C25077"/>
      <property name="Sheetname" value=""/>
      <property name="Sheetfile" value="hellen1-wbo.kicad_sch"/>
      <sheetpath names="/" tstamps="/"/>
      <tstamps>00000000-0000-0000-0000-00005eb371de</tstamps>
    </comp>
    <comp ref="R607">
      <value>22k</value>
      <footprint>Resistor_SMD:R_0402_1005Metric</footprint>
      <datasheet>~</datasheet>
      <fields>
        <field name="LCSC">C25768</field>
      </fields>
      <libsource lib="hellen1-wbo-rescue" part="R-Device" description=""/>
      <property name="LCSC" value="C25768"/>
      <property name="Sheetname" value=""/>
      <property name="Sheetfile" value="hellen1-wbo.kicad_sch"/>
      <sheetpath names="/" tstamps="/"/>
      <tstamps>00000000-0000-0000-0000-00005eb2af2c</tstamps>
    </comp>
    <comp ref="R608">
      <value>47</value>
      <footprint>Resistor_SMD:R_0402_1005Metric</footprint>
      <datasheet>~</datasheet>
      <fields>
        <field name="LCSC">C25118</field>
      </fields>
      <libsource lib="hellen1-wbo-rescue" part="R-Device" description=""/>
      <property name="LCSC" value="C25118"/>
      <property name="Sheetname" value=""/>
      <property name="Sheetfile" value="hellen1-wbo.kicad_sch"/>
      <sheetpath names="/" tstamps="/"/>
      <tstamps>00000000-0000-0000-0000-00005eb3c02d</tstamps>
    </comp>
    <comp ref="R609">
      <value>61.9</value>
      <footprint>Resistor_SMD:R_0603_1608Metric</footprint>
      <datasheet>~</datasheet>
      <fields>
        <field name="LCSC">C23092</field>
      </fields>
      <libsource lib="hellen1-wbo-rescue" part="R-Device" description=""/>
      <property name="LCSC" value="C23092"/>
      <property name="Sheetname" value=""/>
      <property name="Sheetfile" value="hellen1-wbo.kicad_sch"/>
      <sheetpath names="/" tstamps="/"/>
      <tstamps>00000000-0000-0000-0000-00005eb087e2</tstamps>
    </comp>
    <comp ref="R610">
      <value>20k</value>
      <footprint>Resistor_SMD:R_0402_1005Metric</footprint>
      <datasheet>~</datasheet>
      <fields>
        <field name="LCSC">C25765</field>
      </fields>
      <libsource lib="hellen1-wbo-rescue" part="R-Device" description=""/>
      <property name="LCSC" value="C25765"/>
      <property name="Sheetname" value=""/>
      <property name="Sheetfile" value="hellen1-wbo.kicad_sch"/>
      <sheetpath names="/" tstamps="/"/>
      <tstamps>00000000-0000-0000-0000-00006036f37e</tstamps>
    </comp>
    <comp ref="R611">
      <value>20k</value>
      <footprint>Resistor_SMD:R_0402_1005Metric</footprint>
      <datasheet>~</datasheet>
      <fields>
        <field name="LCSC">C25765</field>
      </fields>
      <libsource lib="hellen1-wbo-rescue" part="R-Device" description=""/>
      <property name="LCSC" value="C25765"/>
      <property name="Sheetname" value=""/>
      <property name="Sheetfile" value="hellen1-wbo.kicad_sch"/>
      <sheetpath names="/" tstamps="/"/>
      <tstamps>00000000-0000-0000-0000-00005fced80f</tstamps>
    </comp>
    <comp ref="R612">
      <value>20k</value>
      <footprint>Resistor_SMD:R_0402_1005Metric</footprint>
      <datasheet>~</datasheet>
      <fields>
        <field name="LCSC">C25765</field>
      </fields>
      <libsource lib="hellen1-wbo-rescue" part="R-Device" description=""/>
      <property name="LCSC" value="C25765"/>
      <property name="Sheetname" value=""/>
      <property name="Sheetfile" value="hellen1-wbo.kicad_sch"/>
      <sheetpath names="/" tstamps="/"/>
      <tstamps>00000000-0000-0000-0000-00005ef622bf</tstamps>
    </comp>
    <comp ref="R613">
      <value>10k</value>
      <footprint>Resistor_SMD:R_0402_1005Metric</footprint>
      <datasheet>~</datasheet>
      <fields>
        <field name="LCSC">C25744</field>
      </fields>
      <libsource lib="hellen1-wbo-rescue" part="R-Device" description=""/>
      <property name="LCSC" value="C25744"/>
      <property name="Sheetname" value=""/>
      <property name="Sheetfile" value="hellen1-wbo.kicad_sch"/>
      <sheetpath names="/" tstamps="/"/>
      <tstamps>00000000-0000-0000-0000-00005eb31c23</tstamps>
    </comp>
    <comp ref="R614">
      <value>10k</value>
      <footprint>Resistor_SMD:R_0402_1005Metric</footprint>
      <datasheet>~</datasheet>
      <fields>
        <field name="LCSC">C25744</field>
      </fields>
      <libsource lib="hellen1-wbo-rescue" part="R-Device" description=""/>
      <property name="LCSC" value="C25744"/>
      <property name="Sheetname" value=""/>
      <property name="Sheetfile" value="hellen1-wbo.kicad_sch"/>
      <sheetpath names="/" tstamps="/"/>
      <tstamps>00000000-0000-0000-0000-00005eb335a9</tstamps>
    </comp>
    <comp ref="R615">
      <value>100k</value>
      <footprint>Resistor_SMD:R_0402_1005Metric</footprint>
      <datasheet>~</datasheet>
      <fields>
        <field name="LCSC">C25741</field>
      </fields>
      <libsource lib="hellen1-wbo-rescue" part="R-Device" description=""/>
      <property name="LCSC" value="C25741"/>
      <property name="Sheetname" value=""/>
      <property name="Sheetfile" value="hellen1-wbo.kicad_sch"/>
      <sheetpath names="/" tstamps="/"/>
      <tstamps>00000000-0000-0000-0000-00005eb37011</tstamps>
    </comp>
    <comp ref="R616">
      <value>1k</value>
      <footprint>Resistor_SMD:R_0402_1005Metric</footprint>
      <datasheet>~</datasheet>
      <fields>
        <field name="LCSC">C11702</field>
      </fields>
      <libsource lib="hellen1-wbo-rescue" part="R-Device" description=""/>
      <property name="LCSC" value="C11702"/>
      <property name="Sheetname" value=""/>
      <property name="Sheetfile" value="hellen1-wbo.kicad_sch"/>
      <sheetpath names="/" tstamps="/"/>
      <tstamps>00000000-0000-0000-0000-0000602e6ad0</tstamps>
    </comp>
    <comp ref="R617">
      <value>1k</value>
      <footprint>Resistor_SMD:R_0402_1005Metric</footprint>
      <datasheet>~</datasheet>
      <fields>
        <field name="LCSC">C11702</field>
      </fields>
      <libsource lib="hellen1-wbo-rescue" part="R-Device" description=""/>
      <property name="LCSC" value="C11702"/>
      <property name="Sheetname" value=""/>
      <property name="Sheetfile" value="hellen1-wbo.kicad_sch"/>
      <sheetpath names="/" tstamps="/"/>
      <tstamps>00000000-0000-0000-0000-0000600e5d60</tstamps>
    </comp>
    <comp ref="R618">
      <value>10k</value>
      <footprint>Resistor_SMD:R_0402_1005Metric</footprint>
      <datasheet>~</datasheet>
      <fields>
        <field name="LCSC">C25744</field>
      </fields>
      <libsource lib="hellen1-wbo-rescue" part="R-Device" description=""/>
      <property name="LCSC" value="C25744"/>
      <property name="Sheetname" value=""/>
      <property name="Sheetfile" value="hellen1-wbo.kicad_sch"/>
      <sheetpath names="/" tstamps="/"/>
      <tstamps>00000000-0000-0000-0000-00005eae6382</tstamps>
    </comp>
    <comp ref="R619">
      <value>10k</value>
      <footprint>Resistor_SMD:R_0402_1005Metric</footprint>
      <datasheet>~</datasheet>
      <fields>
        <field name="LCSC">C25744</field>
      </fields>
      <libsource lib="hellen1-wbo-rescue" part="R-Device" description=""/>
      <property name="LCSC" value="C25744"/>
      <property name="Sheetname" value=""/>
      <property name="Sheetfile" value="hellen1-wbo.kicad_sch"/>
      <sheetpath names="/" tstamps="/"/>
      <tstamps>00000000-0000-0000-0000-00005eae57cd</tstamps>
    </comp>
    <comp ref="R620">
      <value>27k</value>
      <footprint>Resistor_SMD:R_0402_1005Metric</footprint>
      <datasheet>~</datasheet>
      <fields>
        <field name="LCSC">C25771</field>
      </fields>
      <libsource lib="hellen1-wbo-rescue" part="R-Device" description=""/>
      <property name="LCSC" value="C25771"/>
      <property name="Sheetname" value=""/>
      <property name="Sheetfile" value="hellen1-wbo.kicad_sch"/>
      <sheetpath names="/" tstamps="/"/>
      <tstamps>00000000-0000-0000-0000-00005eae6a5d</tstamps>
    </comp>
    <comp ref="R621">
      <value>100k</value>
      <footprint>Resistor_SMD:R_0402_1005Metric</footprint>
      <datasheet>~</datasheet>
      <fields>
        <field name="LCSC">C25741</field>
      </fields>
      <libsource lib="hellen1-wbo-rescue" part="R-Device" description=""/>
      <property name="LCSC" value="C25741"/>
      <property name="Sheetname" value=""/>
      <property name="Sheetfile" value="hellen1-wbo.kicad_sch"/>
      <sheetpath names="/" tstamps="/"/>
      <tstamps>00000000-0000-0000-0000-00005eb38fc0</tstamps>
    </comp>
    <comp ref="R622">
      <value>1k</value>
      <footprint>Resistor_SMD:R_0402_1005Metric</footprint>
      <datasheet>~</datasheet>
      <fields>
        <field name="LCSC">C11702</field>
      </fields>
      <libsource lib="hellen1-wbo-rescue" part="R-Device" description=""/>
      <property name="LCSC" value="C11702"/>
      <property name="Sheetname" value=""/>
      <property name="Sheetfile" value="hellen1-wbo.kicad_sch"/>
      <sheetpath names="/" tstamps="/"/>
      <tstamps>00000000-0000-0000-0000-0000600e2ec0</tstamps>
    </comp>
    <comp ref="R623">
      <value>27k</value>
      <footprint>Resistor_SMD:R_0402_1005Metric</footprint>
      <datasheet>~</datasheet>
      <fields>
        <field name="LCSC">C25771</field>
      </fields>
      <libsource lib="hellen1-wbo-rescue" part="R-Device" description=""/>
      <property name="LCSC" value="C25771"/>
      <property name="Sheetname" value=""/>
      <property name="Sheetfile" value="hellen1-wbo.kicad_sch"/>
      <sheetpath names="/" tstamps="/"/>
      <tstamps>00000000-0000-0000-0000-00005eae6724</tstamps>
    </comp>
    <comp ref="R624">
      <value>3.3k</value>
      <footprint>Resistor_SMD:R_0402_1005Metric</footprint>
      <datasheet>~</datasheet>
      <fields>
        <field name="LCSC">C25890</field>
      </fields>
      <libsource lib="hellen1-wbo-rescue" part="R-Device" description=""/>
      <property name="LCSC" value="C25890"/>
      <property name="Sheetname" value=""/>
      <property name="Sheetfile" value="hellen1-wbo.kicad_sch"/>
      <sheetpath names="/" tstamps="/"/>
      <tstamps>00000000-0000-0000-0000-00005fe81aab</tstamps>
    </comp>
    <comp ref="R625">
      <value>10k</value>
      <footprint>Resistor_SMD:R_0402_1005Metric</footprint>
      <datasheet>~</datasheet>
      <fields>
        <field name="LCSC">C25744</field>
      </fields>
      <libsource lib="hellen1-wbo-rescue" part="R-Device" description=""/>
      <property name="LCSC" value="C25744"/>
      <property name="Sheetname" value=""/>
      <property name="Sheetfile" value="hellen1-wbo.kicad_sch"/>
      <sheetpath names="/" tstamps="/"/>
      <tstamps>00000000-0000-0000-0000-000060749d41</tstamps>
    </comp>
    <comp ref="R626">
      <value>1k</value>
      <footprint>Resistor_SMD:R_0402_1005Metric</footprint>
      <datasheet>~</datasheet>
      <fields>
        <field name="LCSC">C11702</field>
      </fields>
      <libsource lib="hellen1-wbo-rescue" part="R-Device" description=""/>
      <property name="LCSC" value="C11702"/>
      <property name="Sheetname" value=""/>
      <property name="Sheetfile" value="hellen1-wbo.kicad_sch"/>
      <sheetpath names="/" tstamps="/"/>
      <tstamps>00000000-0000-0000-0000-0000607b4ba0</tstamps>
    </comp>
    <comp ref="R627">
      <value>1k</value>
      <footprint>Resistor_SMD:R_0402_1005Metric</footprint>
      <datasheet>~</datasheet>
      <fields>
        <field name="LCSC">C11702</field>
      </fields>
      <libsource lib="hellen1-wbo-rescue" part="R-Device" description=""/>
      <property name="LCSC" value="C11702"/>
      <property name="Sheetname" value=""/>
      <property name="Sheetfile" value="hellen1-wbo.kicad_sch"/>
      <sheetpath names="/" tstamps="/"/>
      <tstamps>00000000-0000-0000-0000-00005fc3f941</tstamps>
    </comp>
    <comp ref="R628">
      <value>1k</value>
      <footprint>Resistor_SMD:R_0402_1005Metric</footprint>
      <datasheet>~</datasheet>
      <fields>
        <field name="LCSC">C11702</field>
      </fields>
      <libsource lib="hellen1-wbo-rescue" part="R-Device" description=""/>
      <property name="LCSC" value="C11702"/>
      <property name="Sheetname" value=""/>
      <property name="Sheetfile" value="hellen1-wbo.kicad_sch"/>
      <sheetpath names="/" tstamps="/"/>
      <tstamps>00000000-0000-0000-0000-00005fd1473b</tstamps>
    </comp>
    <comp ref="U600">
      <value>MCP6004</value>
      <footprint>Package_SO:TSSOP-14_4.4x5mm_P0.65mm</footprint>
      <datasheet>http://ww1.microchip.com/downloads/en/DeviceDoc/21733j.pdf</datasheet>
      <fields>
        <field name="LCSC">C50282</field>
      </fields>
      <libsource lib="hellen1-wbo-rescue" part="MCP6004-Amplifier_Operational" description=""/>
      <property name="LCSC" value="C50282"/>
      <property name="Sheetname" value=""/>
      <property name="Sheetfile" value="hellen1-wbo.kicad_sch"/>
      <sheetpath names="/" tstamps="/"/>
      <tstamps>00000000-0000-0000-0000-00005f8996df00000000-0000-0000-0000-00005f8b9d8800000000-0000-0000-0000-00005fbafe3000000000-0000-0000-0000-00005f8980df00000000-0000-0000-0000-00005f8841dc</tstamps>
    </comp>
    <comp ref="U601">
      <value>AD8628</value>
      <footprint>Package_TO_SOT_SMD:TSOT-23-5</footprint>
      <datasheet>https://www.analog.com/media/en/technical-documentation/data-sheets/AD8603_8607_8609.pdf</datasheet>
      <fields>
        <field name="LCSC">C29309</field>
      </fields>
      <libsource lib="hellen1-wbo-rescue" part="AD8603-Amplifier_Operational" description=""/>
      <property name="LCSC" value="C29309"/>
      <property name="Sheetname" value=""/>
      <property name="Sheetfile" value="hellen1-wbo.kicad_sch"/>
      <sheetpath names="/" tstamps="/"/>
      <tstamps>00000000-0000-0000-0000-00005fbc4cb6</tstamps>
    </comp>
    <comp ref="U602">
      <value>STM32F042K6Tx</value>
      <footprint>Package_QFP:LQFP-32_7x7mm_P0.8mm</footprint>
      <datasheet>http://www.st.com/st-web-ui/static/active/en/resource/technical/document/datasheet/DM00105814.pdf</datasheet>
      <fields>
        <field name="LCSC">C69216</field>
      </fields>
      <libsource lib="hellen1-wbo-rescue" part="STM32F042K6Tx-MCU_ST_STM32F0" description=""/>
      <property name="LCSC" value="C69216"/>
      <property name="Sheetname" value=""/>
      <property name="Sheetfile" value="hellen1-wbo.kicad_sch"/>
      <sheetpath names="/" tstamps="/"/>
      <tstamps>00000000-0000-0000-0000-00005ff3b038</tstamps>
    </comp>
    <comp ref="U603">
      <value>REF3033</value>
      <footprint>Package_TO_SOT_SMD:SOT-23</footprint>
      <datasheet>http://www.ti.com/lit/ds/symlink/ref3033.pdf</datasheet>
      <fields>
        <field name="LCSC">C36658</field>
      </fields>
      <libsource lib="hellen1-wbo-rescue" part="REF3033-Reference_Voltage" description=""/>
      <property name="LCSC" value="C36658"/>
      <property name="Sheetname" value=""/>
      <property name="Sheetfile" value="hellen1-wbo.kicad_sch"/>
      <sheetpath names="/" tstamps="/"/>
      <tstamps>00000000-0000-0000-0000-00005feccfd4</tstamps>
    </comp>
    <comp ref="U604">
      <value>XC6206P332MR</value>
      <footprint>Package_TO_SOT_SMD:SOT-23</footprint>
      <datasheet>https://www.torexsemi.com/file/xc6206/XC6206.pdf</datasheet>
      <fields>
        <field name="LCSC">C5446</field>
      </fields>
      <libsource lib="hellen1-wbo-rescue" part="XC6206PxxxMR-Regulator_Linear" description=""/>
      <property name="LCSC" value="C5446"/>
      <property name="Sheetname" value=""/>
      <property name="Sheetfile" value="hellen1-wbo.kicad_sch"/>
      <sheetpath names="/" tstamps="/"/>
      <tstamps>00000000-0000-0000-0000-00005ee22a9a</tstamps>
    </comp>
  </components>
  <libparts>
    <libpart lib="Connector_Generic" part="Conn_02x03_Odd_Even">
      <description>Generic connector, double row, 02x03, odd/even pin numbering scheme (row 1 odd numbers, row 2 even numbers), script generated (kicad-library-utils/schlib/autogen/connector/)</description>
      <docs>~</docs>
      <footprints>
        <fp>Connector*:*_2x??_*</fp>
      </footprints>
      <fields>
        <field name="Reference">J</field>
        <field name="Value">Conn_02x03_Odd_Even</field>
        <field name="Datasheet">~</field>
      </fields>
      <pins>
        <pin num="1" name="Pin_1" type="passive"/>
        <pin num="2" name="Pin_2" type="passive"/>
        <pin num="3" name="Pin_3" type="passive"/>
        <pin num="4" name="Pin_4" type="passive"/>
        <pin num="5" name="Pin_5" type="passive"/>
        <pin num="6" name="Pin_6" type="passive"/>
      </pins>
    </libpart>
    <libpart lib="hellen-one-wbo-0.1" part="Module-wbo-0.1">
      <fields>
        <field name="Reference">M</field>
        <field name="Value">Module-wbo-0.1</field>
        <field name="Footprint">hellen-one-wbo-0.1:wbo</field>
      </fields>
      <pins>
        <pin num="E1" name="LSU_Un" type="passive"/>
        <pin num="E2" name="LSU_Vm" type="passive"/>
        <pin num="E3" name="LSU_Ip" type="passive"/>
        <pin num="E4" name="LSU_Rtrim" type="passive"/>
        <pin num="E5" name="LSU_H+" type="passive"/>
        <pin num="E6" name="LSU_H-" type="passive"/>
        <pin num="G" name="GND" type="passive"/>
        <pin num="W1" name="V5_IN" type="passive"/>
        <pin num="W2" name="CAN_VIO" type="passive"/>
        <pin num="W3" name="CAN_RX" type="passive"/>
        <pin num="W4" name="CAN_TX" type="passive"/>
        <pin num="W5" name="nReset" type="passive"/>
        <pin num="W6" name="SWDIO" type="passive"/>
        <pin num="W7" name="SWCLK" type="passive"/>
        <pin num="W8" name="V33_OUT" type="passive"/>
      </pins>
    </libpart>
    <libpart lib="hellen1-wbo-rescue" part="AD8603-Amplifier_Operational">
      <footprints>
        <fp>TSOT*23*</fp>
      </footprints>
      <fields>
        <field name="Reference">U</field>
        <field name="Value">AD8603-Amplifier_Operational</field>
        <field name="Footprint">Package_TO_SOT_SMD:TSOT-23-5</field>
      </fields>
      <pins>
        <pin num="1" name="~" type="output"/>
        <pin num="2" name="V-" type="power_in"/>
        <pin num="3" name="+" type="input"/>
        <pin num="4" name="-" type="input"/>
        <pin num="5" name="V+" type="power_in"/>
      </pins>
    </libpart>
    <libpart lib="hellen1-wbo-rescue" part="C-Device">
      <footprints>
        <fp>C_*</fp>
      </footprints>
      <fields>
        <field name="Reference">C</field>
        <field name="Value">C-Device</field>
      </fields>
      <pins>
        <pin num="1" name="~" type="passive"/>
        <pin num="2" name="~" type="passive"/>
      </pins>
    </libpart>
    <libpart lib="hellen1-wbo-rescue" part="LED-Device">
      <footprints>
        <fp>LED*</fp>
        <fp>LED_SMD:*</fp>
        <fp>LED_THT:*</fp>
      </footprints>
      <fields>
        <field name="Reference">D</field>
        <field name="Value">LED-Device</field>
      </fields>
      <pins>
        <pin num="1" name="K" type="passive"/>
        <pin num="2" name="A" type="passive"/>
      </pins>
    </libpart>
    <libpart lib="hellen1-wbo-rescue" part="MCP6004-Amplifier_Operational">
      <footprints>
        <fp>SOIC*3.9x8.7mm*P1.27mm*</fp>
        <fp>DIP*W7.62mm*</fp>
        <fp>TSSOP*4.4x5mm*P0.65mm*</fp>
        <fp>SSOP*5.3x6.2mm*P0.65mm*</fp>
        <fp>MSOP*3x3mm*P0.5mm*</fp>
      </footprints>
      <fields>
        <field name="Reference">U</field>
        <field name="Value">MCP6004-Amplifier_Operational</field>
      </fields>
      <pins>
        <pin num="1" name="~" type="output"/>
        <pin num="2" name="-" type="input"/>
        <pin num="3" name="+" type="input"/>
        <pin num="4" name="V+" type="power_in"/>
        <pin num="5" name="+" type="input"/>
        <pin num="6" name="-" type="input"/>
        <pin num="7" name="~" type="output"/>
        <pin num="8" name="~" type="output"/>
        <pin num="9" name="-" type="input"/>
        <pin num="10" name="+" type="input"/>
        <pin num="11" name="V-" type="power_in"/>
        <pin num="12" name="+" type="input"/>
        <pin num="13" name="-" type="input"/>
        <pin num="14" name="~" type="output"/>
      </pins>
    </libpart>
    <libpart lib="hellen1-wbo-rescue" part="Q_NMOS_GDS-Device">
      <fields>
        <field name="Reference">Q</field>
        <field name="Value">Q_NMOS_GDS-Device</field>
      </fields>
      <pins>
        <pin num="1" name="G" type="input"/>
        <pin num="2" name="D" type="passive"/>
        <pin num="3" name="S" type="passive"/>
      </pins>
    </libpart>
    <libpart lib="hellen1-wbo-rescue" part="R-Device">
      <footprints>
        <fp>R_*</fp>
      </footprints>
      <fields>
        <field name="Reference">R</field>
        <field name="Value">R-Device</field>
      </fields>
      <pins>
        <pin num="1" name="~" type="passive"/>
        <pin num="2" name="~" type="passive"/>
      </pins>
    </libpart>
    <libpart lib="hellen1-wbo-rescue" part="REF3033-Reference_Voltage">
      <footprints>
        <fp>SOT?23*</fp>
      </footprints>
      <fields>
        <field name="Reference">U</field>
        <field name="Value">REF3033-Reference_Voltage</field>
        <field name="Footprint">Package_TO_SOT_SMD:SOT-23</field>
      </fields>
      <pins>
        <pin num="1" name="IN" type="power_in"/>
        <pin num="2" name="OUT" type="power_out"/>
        <pin num="3" name="GND" type="power_in"/>
      </pins>
    </libpart>
    <libpart lib="hellen1-wbo-rescue" part="STM32F042K6Tx-MCU_ST_STM32F0">
      <footprints>
        <fp>LQFP*7x7mm*P0.8mm*</fp>
      </footprints>
      <fields>
        <field name="Reference">U</field>
        <field name="Value">STM32F042K6Tx-MCU_ST_STM32F0</field>
        <field name="Footprint">Package_QFP:LQFP-32_7x7mm_P0.8mm</field>
      </fields>
      <pins>
        <pin num="1" name="VDD" type="power_in"/>
        <pin num="2" name="PF0" type="input"/>
        <pin num="3" name="PF1" type="input"/>
        <pin num="4" name="NRST" type="input"/>
        <pin num="5" name="VDDA" type="power_in"/>
        <pin num="6" name="PA0" type="bidirectional"/>
        <pin num="7" name="PA1" type="bidirectional"/>
        <pin num="8" name="PA2" type="bidirectional"/>
        <pin num="9" name="PA3" type="bidirectional"/>
        <pin num="10" name="PA4" type="bidirectional"/>
        <pin num="11" name="PA5" type="bidirectional"/>
        <pin num="12" name="PA6" type="bidirectional"/>
        <pin num="13" name="PA7" type="bidirectional"/>
        <pin num="14" name="PB0" type="bidirectional"/>
        <pin num="15" name="PB1" type="bidirectional"/>
        <pin num="16" name="VSS" type="power_in"/>
        <pin num="17" name="VDDIO2" type="power_in"/>
        <pin num="18" name="PA8" type="bidirectional"/>
        <pin num="19" name="PA9" type="bidirectional"/>
        <pin num="20" name="PA10" type="bidirectional"/>
        <pin num="21" name="PA11" type="bidirectional"/>
        <pin num="22" name="PA12" type="bidirectional"/>
        <pin num="23" name="PA13" type="bidirectional"/>
        <pin num="24" name="PA14" type="bidirectional"/>
        <pin num="25" name="PA15" type="bidirectional"/>
        <pin num="26" name="PB3" type="bidirectional"/>
        <pin num="27" name="PB4" type="bidirectional"/>
        <pin num="28" name="PB5" type="bidirectional"/>
        <pin num="29" name="PB6" type="bidirectional"/>
        <pin num="30" name="PB7" type="bidirectional"/>
        <pin num="31" name="PB8" type="bidirectional"/>
        <pin num="32" name="VSSA" type="power_in"/>
      </pins>
    </libpart>
    <libpart lib="hellen1-wbo-rescue" part="XC6206PxxxMR-Regulator_Linear">
      <footprints>
        <fp>SOT?23*</fp>
      </footprints>
      <fields>
        <field name="Reference">U</field>
        <field name="Value">XC6206PxxxMR-Regulator_Linear</field>
        <field name="Footprint">Package_TO_SOT_SMD:SOT-23</field>
      </fields>
      <pins>
        <pin num="1" name="GND" type="power_in"/>
        <pin num="2" name="VO" type="power_out"/>
        <pin num="3" name="VI" type="power_in"/>
      </pins>
    </libpart>
  </libparts>
  <libraries>
    <library logical="Connector_Generic">
      <uri>G:\RADIO\bin\KiCad\share\kicad\library/Connector_Generic.lib</uri>
    </library>
    <library logical="hellen-one-wbo-0.1">
      <uri>G:\RADIO\PROJECTS\S3EFI\Hellen\src\!release\!hellen-boards\hellen-one\kicad\modules\hellen1-wbo/../../../modules/wbo/0.1/wbo.kicad_sym</uri>
    </library>
    <library logical="hellen1-wbo-rescue">
      <uri>G:\RADIO\PROJECTS\S3EFI\Hellen\src\!release\!hellen-boards\hellen-one\kicad\modules\hellen1-wbo/hellen1-wbo-rescue.lib</uri>
    </library>
  </libraries>
  <nets>
    <net code="1" name="+3V3">
      <node ref="C601" pin="1" pintype="passive"/>
      <node ref="C602" pin="1" pintype="passive"/>
      <node ref="C604" pin="1" pintype="passive"/>
      <node ref="C606" pin="1" pintype="passive"/>
      <node ref="C614" pin="1" pintype="passive"/>
      <node ref="C615" pin="1" pintype="passive"/>
      <node ref="C616" pin="1" pintype="passive"/>
      <node ref="M600" pin="W2" pinfunction="CAN_VIO" pintype="passive"/>
      <node ref="M600" pin="W8" pinfunction="V33_OUT" pintype="passive"/>
      <node ref="R610" pin="2" pintype="passive"/>
      <node ref="R628" pin="2" pintype="passive"/>
      <node ref="U600" pin="4" pinfunction="V+" pintype="power_in"/>
      <node ref="U601" pin="5" pinfunction="V+" pintype="power_in"/>
      <node ref="U602" pin="1" pinfunction="VDD" pintype="power_in"/>
      <node ref="U602" pin="17" pinfunction="VDDIO2" pintype="power_in"/>
      <node ref="U604" pin="2" pinfunction="VO" pintype="power_out"/>
    </net>
    <net code="2" name="+5V">
      <node ref="C610" pin="1" pintype="passive"/>
      <node ref="C613" pin="1" pintype="passive"/>
      <node ref="M600" pin="W1" pinfunction="V5_IN" pintype="passive"/>
      <node ref="U603" pin="1" pinfunction="IN" pintype="power_in"/>
      <node ref="U604" pin="3" pinfunction="VI" pintype="power_in"/>
    </net>
    <net code="3" name="/Boot0">
      <node ref="R625" pin="2" pintype="passive"/>
      <node ref="U602" pin="31" pinfunction="PB8" pintype="bidirectional"/>
    </net>
    <net code="4" name="/CAN_RX">
      <node ref="M600" pin="W3" pinfunction="CAN_RX" pintype="passive"/>
      <node ref="U602" pin="21" pinfunction="PA11" pintype="bidirectional"/>
    </net>
    <net code="5" name="/CAN_TX">
      <node ref="M600" pin="W4" pinfunction="CAN_TX" pintype="passive"/>
      <node ref="U602" pin="22" pinfunction="PA12" pintype="bidirectional"/>
    </net>
    <net code="6" name="/Ip_dac">
      <node ref="R602" pin="1" pintype="passive"/>
      <node ref="U602" pin="12" pinfunction="PA6" pintype="bidirectional"/>
    </net>
    <net code="7" name="/Ip_sense">
      <node ref="C608" pin="1" pintype="passive"/>
      <node ref="R624" pin="2" pintype="passive"/>
      <node ref="U602" pin="8" pinfunction="PA2" pintype="bidirectional"/>
    </net>
    <net code="8" name="/LED_BLUE">
      <node ref="D602" pin="2" pinfunction="A" pintype="passive"/>
      <node ref="U602" pin="28" pinfunction="PB5" pintype="bidirectional"/>
    </net>
    <net code="9" name="/LED_GREEN">
      <node ref="D601" pin="2" pinfunction="A" pintype="passive"/>
      <node ref="U602" pin="29" pinfunction="PB6" pintype="bidirectional"/>
    </net>
    <net code="10" name="/LSU_H+">
      <node ref="M600" pin="E5" pinfunction="LSU_H+" pintype="passive"/>
      <node ref="Q600" pin="2" pinfunction="D" pintype="passive"/>
    </net>
    <net code="11" name="/LSU_H-">
      <node ref="M600" pin="E6" pinfunction="LSU_H-" pintype="passive"/>
      <node ref="Q600" pin="3" pinfunction="S" pintype="passive"/>
    </net>
    <net code="12" name="/LSU_Ip">
      <node ref="M600" pin="E3" pinfunction="LSU_Ip" pintype="passive"/>
      <node ref="R609" pin="2" pintype="passive"/>
      <node ref="R614" pin="2" pintype="passive"/>
    </net>
    <net code="13" name="/LSU_Rtrim">
      <node ref="M600" pin="E4" pinfunction="LSU_Rtrim" pintype="passive"/>
      <node ref="R605" pin="1" pintype="passive"/>
      <node ref="R608" pin="1" pintype="passive"/>
      <node ref="R609" pin="1" pintype="passive"/>
      <node ref="R613" pin="2" pintype="passive"/>
    </net>
    <net code="14" name="/LSU_Un">
      <node ref="C605" pin="1" pintype="passive"/>
      <node ref="M600" pin="E1" pinfunction="LSU_Un" pintype="passive"/>
      <node ref="R612" pin="1" pintype="passive"/>
      <node ref="U600" pin="10" pinfunction="+" pintype="input"/>
    </net>
    <net code="15" name="/LSU_Un_sense">
      <node ref="R619" pin="1" pintype="passive"/>
      <node ref="U600" pin="8" pintype="output"/>
      <node ref="U600" pin="9" pinfunction="-" pintype="input"/>
    </net>
    <net code="16" name="/LSU_Vm">
      <node ref="C607" pin="1" pintype="passive"/>
      <node ref="M600" pin="E2" pinfunction="LSU_Vm" pintype="passive"/>
      <node ref="R606" pin="1" pintype="passive"/>
      <node ref="R618" pin="1" pintype="passive"/>
      <node ref="U602" pin="7" pinfunction="PA1" pintype="bidirectional"/>
    </net>
    <net code="17" name="/Nernst_esr_drive">
      <node ref="R607" pin="2" pintype="passive"/>
      <node ref="U602" pin="30" pinfunction="PB7" pintype="bidirectional"/>
    </net>
    <net code="18" name="/SWCLK">
      <node ref="M600" pin="W7" pinfunction="SWCLK" pintype="passive"/>
      <node ref="U602" pin="24" pinfunction="PA14" pintype="bidirectional"/>
    </net>
    <net code="19" name="/SWDIO">
      <node ref="M600" pin="W6" pinfunction="SWDIO" pintype="passive"/>
      <node ref="U602" pin="23" pinfunction="PA13" pintype="bidirectional"/>
    </net>
    <net code="20" name="/Un_sense">
      <node ref="R623" pin="2" pintype="passive"/>
      <node ref="U600" pin="7" pintype="output"/>
      <node ref="U602" pin="6" pinfunction="PA0" pintype="bidirectional"/>
    </net>
    <net code="21" name="/Vm">
      <node ref="R603" pin="2" pintype="passive"/>
      <node ref="R606" pin="2" pintype="passive"/>
      <node ref="R615" pin="2" pintype="passive"/>
      <node ref="U600" pin="13" pinfunction="-" pintype="input"/>
      <node ref="U600" pin="14" pintype="output"/>
      <node ref="U602" pin="9" pinfunction="PA3" pintype="bidirectional"/>
    </net>
    <net code="22" name="/heater_pwm">
      <node ref="R616" pin="2" pintype="passive"/>
      <node ref="R617" pin="2" pintype="passive"/>
      <node ref="R622" pin="2" pintype="passive"/>
      <node ref="U602" pin="13" pinfunction="PA7" pintype="bidirectional"/>
    </net>
    <net code="23" name="/nRESET">
      <node ref="C609" pin="1" pintype="passive"/>
      <node ref="M600" pin="W5" pinfunction="nReset" pintype="passive"/>
      <node ref="U602" pin="4" pinfunction="NRST" pintype="input"/>
    </net>
    <net code="24" name="GND">
      <node ref="C600" pin="2" pintype="passive"/>
      <node ref="C601" pin="2" pintype="passive"/>
      <node ref="C602" pin="2" pintype="passive"/>
      <node ref="C604" pin="2" pintype="passive"/>
      <node ref="C606" pin="2" pintype="passive"/>
      <node ref="C607" pin="2" pintype="passive"/>
      <node ref="C608" pin="2" pintype="passive"/>
      <node ref="C609" pin="2" pintype="passive"/>
      <node ref="C610" pin="2" pintype="passive"/>
      <node ref="C611" pin="2" pintype="passive"/>
      <node ref="C612" pin="2" pintype="passive"/>
      <node ref="C613" pin="2" pintype="passive"/>
      <node ref="C614" pin="2" pintype="passive"/>
      <node ref="C615" pin="2" pintype="passive"/>
      <node ref="C616" pin="2" pintype="passive"/>
      <node ref="D600" pin="1" pinfunction="K" pintype="passive"/>
      <node ref="D603" pin="1" pinfunction="K" pintype="passive"/>
      <node ref="M600" pin="G" pinfunction="GND" pintype="passive"/>
      <node ref="R601" pin="2" pintype="passive"/>
      <node ref="R617" pin="1" pintype="passive"/>
      <node ref="R620" pin="2" pintype="passive"/>
      <node ref="R625" pin="1" pintype="passive"/>
      <node ref="R626" pin="1" pintype="passive"/>
      <node ref="R627" pin="1" pintype="passive"/>
      <node ref="U600" pin="11" pinfunction="V-" pintype="power_in"/>
      <node ref="U601" pin="2" pinfunction="V-" pintype="power_in"/>
      <node ref="U602" pin="16" pinfunction="VSS" pintype="power_in"/>
      <node ref="U602" pin="32" pinfunction="VSSA" pintype="power_in"/>
      <node ref="U603" pin="3" pinfunction="GND" pintype="power_in"/>
      <node ref="U604" pin="1" pinfunction="GND" pintype="power_in"/>
    </net>
    <net code="25" name="Net-(C600-Pad1)">
      <node ref="C600" pin="1" pintype="passive"/>
      <node ref="R600" pin="2" pintype="passive"/>
      <node ref="R601" pin="1" pintype="passive"/>
      <node ref="U600" pin="12" pinfunction="+" pintype="input"/>
    </net>
    <net code="26" name="Net-(C603-Pad1)">
      <node ref="C603" pin="1" pintype="passive"/>
      <node ref="R604" pin="1" pintype="passive"/>
      <node ref="R608" pin="2" pintype="passive"/>
      <node ref="U600" pin="1" pintype="output"/>
    </net>
    <net code="27" name="Net-(C603-Pad2)">
      <node ref="C603" pin="2" pintype="passive"/>
      <node ref="R602" pin="2" pintype="passive"/>
      <node ref="R604" pin="2" pintype="passive"/>
      <node ref="U600" pin="2" pinfunction="-" pintype="input"/>
    </net>
    <net code="28" name="Net-(C605-Pad2)">
      <node ref="C605" pin="2" pintype="passive"/>
      <node ref="R607" pin="1" pintype="passive"/>
    </net>
    <net code="29" name="Net-(D600-Pad2)">
      <node ref="D600" pin="2" pinfunction="A" pintype="passive"/>
      <node ref="R616" pin="1" pintype="passive"/>
    </net>
    <net code="30" name="Net-(D601-Pad1)">
      <node ref="D601" pin="1" pinfunction="K" pintype="passive"/>
      <node ref="R626" pin="2" pintype="passive"/>
    </net>
    <net code="31" name="Net-(D602-Pad1)">
      <node ref="D602" pin="1" pinfunction="K" pintype="passive"/>
      <node ref="R627" pin="2" pintype="passive"/>
    </net>
    <net code="32" name="Net-(D603-Pad2)">
      <node ref="D603" pin="2" pinfunction="A" pintype="passive"/>
      <node ref="R628" pin="1" pintype="passive"/>
    </net>
    <net code="33" name="Net-(Q600-Pad1)">
      <node ref="Q600" pin="1" pinfunction="G" pintype="input"/>
      <node ref="R622" pin="1" pintype="passive"/>
    </net>
    <net code="34" name="Net-(R603-Pad1)">
      <node ref="R603" pin="1" pintype="passive"/>
      <node ref="R605" pin="2" pintype="passive"/>
      <node ref="U600" pin="3" pinfunction="+" pintype="input"/>
    </net>
    <net code="35" name="Net-(R610-Pad1)">
      <node ref="R610" pin="1" pintype="passive"/>
      <node ref="R611" pin="2" pintype="passive"/>
    </net>
    <net code="36" name="Net-(R611-Pad1)">
      <node ref="R611" pin="1" pintype="passive"/>
      <node ref="R612" pin="2" pintype="passive"/>
    </net>
    <net code="37" name="Net-(R613-Pad1)">
      <node ref="R613" pin="1" pintype="passive"/>
      <node ref="R621" pin="2" pintype="passive"/>
      <node ref="U601" pin="4" pinfunction="-" pintype="input"/>
    </net>
    <net code="38" name="Net-(R614-Pad1)">
      <node ref="R614" pin="1" pintype="passive"/>
      <node ref="R615" pin="1" pintype="passive"/>
      <node ref="U601" pin="3" pinfunction="+" pintype="input"/>
    </net>
    <net code="39" name="Net-(R618-Pad2)">
      <node ref="R618" pin="2" pintype="passive"/>
      <node ref="R623" pin="1" pintype="passive"/>
      <node ref="U600" pin="6" pinfunction="-" pintype="input"/>
    </net>
    <net code="40" name="Net-(R619-Pad2)">
      <node ref="R619" pin="2" pintype="passive"/>
      <node ref="R620" pin="1" pintype="passive"/>
      <node ref="U600" pin="5" pinfunction="+" pintype="input"/>
    </net>
    <net code="41" name="Net-(R621-Pad1)">
      <node ref="R621" pin="1" pintype="passive"/>
      <node ref="R624" pin="1" pintype="passive"/>
      <node ref="U601" pin="1" pintype="output"/>
    </net>
    <net code="42" name="VDDA">
      <node ref="C611" pin="1" pintype="passive"/>
      <node ref="C612" pin="1" pintype="passive"/>
      <node ref="R600" pin="1" pintype="passive"/>
      <node ref="U602" pin="5" pinfunction="VDDA" pintype="power_in"/>
      <node ref="U603" pin="2" pinfunction="OUT" pintype="power_out"/>
    </net>
    <net code="44" name="unconnected-(U602-Pad2)">
      <node ref="U602" pin="2" pinfunction="PF0" pintype="input+no_connect"/>
    </net>
    <net code="45" name="unconnected-(U602-Pad3)">
      <node ref="U602" pin="3" pinfunction="PF1" pintype="input+no_connect"/>
    </net>
    <net code="46" name="unconnected-(U602-Pad10)">
      <node ref="U602" pin="10" pinfunction="PA4" pintype="bidirectional+no_connect"/>
    </net>
    <net code="47" name="unconnected-(U602-Pad11)">
      <node ref="U602" pin="11" pinfunction="PA5" pintype="bidirectional+no_connect"/>
    </net>
    <net code="48" name="unconnected-(U602-Pad14)">
      <node ref="U602" pin="14" pinfunction="PB0" pintype="bidirectional+no_connect"/>
    </net>
    <net code="49" name="unconnected-(U602-Pad15)">
      <node ref="U602" pin="15" pinfunction="PB1" pintype="bidirectional+no_connect"/>
    </net>
    <net code="50" name="unconnected-(U602-Pad18)">
      <node ref="U602" pin="18" pinfunction="PA8" pintype="bidirectional+no_connect"/>
    </net>
    <net code="51" name="unconnected-(U602-Pad19)">
      <node ref="U602" pin="19" pinfunction="PA9" pintype="bidirectional+no_connect"/>
    </net>
    <net code="52" name="unconnected-(U602-Pad20)">
      <node ref="U602" pin="20" pinfunction="PA10" pintype="bidirectional+no_connect"/>
    </net>
    <net code="53" name="unconnected-(U602-Pad25)">
      <node ref="U602" pin="25" pinfunction="PA15" pintype="bidirectional+no_connect"/>
    </net>
    <net code="54" name="unconnected-(U602-Pad26)">
      <node ref="U602" pin="26" pinfunction="PB3" pintype="bidirectional+no_connect"/>
    </net>
    <net code="55" name="unconnected-(U602-Pad27)">
      <node ref="U602" pin="27" pinfunction="PB4" pintype="bidirectional+no_connect"/>
    </net>
  </nets>
</export>
